component,total_ms
server_computation,598534.9999999404
r3dmol,556811.1999895573
am1,23498.399999976158
alphamissense_heatmap,11475.09999999404
ptm1,6828.299999982119
comparison1,6424.799999952316
variant_1dplot,6251.199999988079
structure_view,2998.100000023842
gnomad_summary,1765.4000000059605
plot_legend,1238
download_1dplot,1228
gnomad_table,997.2000000178814
sphere_legend,987.2999999821186
structure_info,893.6999999880791
download_pdb,882.3999999761581
consurf1,629
fells_button,625
fells_plot,571.3999999761581
info,164.69999998807907
am_score_bar,160.80000001192093
custom_domain_table_view,76.59999999403954
download_example_bundle,59
consurf_legend_ui,53.599999994039536
sequence,40
domain_table,37.30000001192093
bi,35.5
fells_download_ui,28.599999994039536
download_fells_plot,9
consurf_plot_ui,7.699999988079071
